Beta,Seeds,Val_Accuracy_Mean,Val_Accuracy_Std,Depth_Ratio_Mean,Depth_Ratio_Std,GSI_Mean,GSI_Std,,
0,2,0.8816,0.0053534,13.45654,16.47868,0.856846,0.039545,,
0.05,3,0.9103,0.020657337,4.310497731,0.358060514,0.946106051,0.027543116,,
0.1,3,0.9586,0.017535366,4.354615854,0.321481707,0.993670732,0.017535366,,
0.2,3,0.9362,0.007190476,3.767809524,0.488952381,0.947704762,0.024447619,,
