Scale,BatchNorm,Acc_mean,Acc_std,Depth_mean,Depth_std,GSI_mean,GSI_std
0.5,FALSE,0.895234252,0.005734681,5.652280769,1.811704489,1.046989792,0.13654449
0.5,TRUE,0.937812367,0.018380852,1.494475806,0.19327423,1.597106705,0.016943932
1,FALSE,0.950803914,0.016294731,5.078766208,0.383115678,1.010130615,0.024661865
1,TRUE,0.958050328,0.018945184,1.523192729,0.179573429,1.451081698,0.012756792
2,FALSE,0.93626446,0.014564495,2.79950284,0.24108777,0.93197167,0.149184497
2,TRUE,0.940529613,0.01292434,1.543223543,0.169658114,1.276797916,0.008867261
