beta,Epoch,Val_Acc,Depth_Ratio,GSI,seed,Epoch_std,Val_Acc_std,Depth_Ratio_std,GSI_std,seed_std
0,20,0.91456468,47.36668645,0.927857869,388,0,0.013162979,12.90481279,0.011030228,745.9981282
0.05,20,0.936546854,48.18795202,0.890091148,388,0,0.031153813,17.97643029,0.038824963,745.9981282
0.1,20,0.956553,55.92274805,0.884709628,388,0,0.018213144,27.10057947,0.030580919,745.9981282
0.2,20,0.943223,39.03885379,0.869013676,388,0,0.013624137,19.46542559,0.039759515,745.9981282
